"gene","EMS_logFC","EMS_adjP","RPL_logFC","RPL_adjP"
"ATP8B4",0.723315487966048,7.82261458839258e-08,0.843610994579126,0.0271041657034903
